publisher,count
Nhà Xuất Bản Thế Giới,498
Nhà Xuất Bản Dân Trí,482
Nhà Xuất Bản Giáo Dục Việt Nam,462
Nhiều Nhà Xuất Bản,422
Nhà Xuất Bản Trẻ,397
Nhà Xuất Bản Phụ Nữ Việt Nam,330
Unknown,302
Penguin Books,301
Nhà Xuất Bản Kim Đồng,278
Nhà Xuất Bản Hồng Đức,248
Nhà Xuất Bản Tổng Hợp TP.HCM,220
Nhà Xuất Bản Hà Nội,218
Nhà Xuất Bản Văn Học,208
HarperCollins,207
Nhà Xuất Bản Lao Động,183
Nhà Xuất Bản Đại Học Quốc Gia Hà Nội,173
Cambridge University Press,166
Nhà Xuất Bản Thanh Niên,152
Nhà Xuất Bản Công Thương,147
Oxford University Press,144
Simon & Schuster,128
Nhà Xuất Bản Hội Nhà Văn,125
Hachette,103
Bloomsbury,102
Wordsworth Editions,98
Penguin Random House,95
Tuttle Publishing,94
Nhà Xuất Bản Đà Nẵng,66
Scholastic,61
Konemann,59
Independent Publishers Group,57
Nhà Xuất Bản Tri Thức,56
Macmillan,53
Nhà Xuất Bản Đại Học Sư Phạm,52
Thames & Hudson,49
Nhà Xuất Bản Thể Thao Và Du Lịch,48
Usborne Publishing,44
Công Ty TNHH Không Gian Sống Media,44
Báo Tuổi trẻ,44
Phương Nam Book,40
Vintage,40
Nikkei,38
Random House,37
William Collins,37
DK Publishing,36
E-Future,35
VanLangBooks,34
Saigon Times Group,34
Báo Sinh Viên Việt Nam - Hoa Học Trò,34
Nhà Xuất Bản Đại Học Sư Phạm TP.HCM,31
Grand Central Publishing,29
Shueisha,29
Nhà Xuất Bản Đại Học Huế,29
Nhà Xuất Bản Đồng Nai,29
ELI Publishing,28
Pan Macmillan,27
Kodansha,27
Flame Tree Publishing,27
Taschen,27
Nhà Xuất Bản Văn Hoá Thông Tin,26
Pearson,26
Harvard Business Review Press,25
Chiltern Publishing,25
Nhà Xuất Bản Kinh Tế - Tài Chính,24
Cengage Learning,24
Adams Media,24
Puffin Books,24
Macmillan Education,24
PublicAffairs,24
Portfolio,23
Vermilion,22
Nhà Xuất Bản Đại Học Quốc Gia TP.HCM,22
For Dummies,22
Công Ty TNHH Văn Hóa Việt Thư,21
Little Brown,21
"Little, Brown Book Group",21
Nhà Xuất Bản Lao Động Xã Hội,20
DK Children,20
Icon Books Ltd,20
"Little, Brown & Company",20
HarperBusiness,20
Nhà Xuất Bản Thông Tấn,19
Nhà Xuất Bản Chính Trị Quốc Gia Sự Thật,19
Nhà Xuất Bản Thể Dục Thể Thao,18
Piatkus,18
Welbeck Publishing Group,18
Nhà Xuất Bản Phương Đông,17
Harper,17
Nhà Xuất Bản Thông Tin Và Truyền Thông,17
Ebury Publishing,17
Atria Books,17
Wiley,17
Nhà Xuất Bản Văn Hóa - Văn Nghệ,16
Hinkler Books,16
North Parade Publishing,16
Hodder & Stoughton,16
Express Publishing,16
Nhà Xuất Bản Thanh Hoá,16
Harper Perennial,16
W&N,15
Picador,14
John Murray Press,14
Penguin Classics,14
Nhà Xuất Bản Mỹ Thuật,13
Michael O'Mara,13
William Morrow,13
Mariner Books,13
Bloomsbury Childrens - NXB Trẻ,13
Pan Books,13
Dorling Kindersley,13
Laurence King Publishing,12
Octopus Publishing,12
HarperOne,12
Scribner,12
NXB Thanh Hóa,12
Phidal Publishing,12
Văn Lang,11
Star Publishing,11
Penguin,11
Miles Kelly Publishing,11
Lake Press,11
Alma Classics,11
Quercus Publishing,11
Phaidon Press,11
Báo Tài nguyên và Môi trường,11
Kadokawa,11
Harper Collins- USBORNE,11
Marvel Universe,11
Faber & Faber,10
Anness Publishing,10
National Geographic,10
Nhà Xuất Bản Khoa Học Xã Hội,10
Imagine That Publishing,9
WH Allen,9
Silicon Power,9
Hamlyn,9
Pocket Books,9
Fourth Estate,9
Brown Watson,9
teNeues,9
Collins,9
Puffin Classics,9
Andrews McMeel Publishing,9
DC Comics,9
Plata Publishing,8
"Gakken Plus Co.,Ltd",8
Chicken Soup for the Soul,8
Parallax Press,8
Harvard Business Press,8
Vietnam News Agency Publishing House,8
Workman Publishing,8
Headline Publishing Group,8
Hachette Children's Group,8
Kingfisher Books,8
Priddy Books,8
"Ryland, Peters & Small",8
Rider,8
Nhà Xuất Bản Y Học,8
Ize Press,8
Tân Việt Books,7
Nhà Xuất Bản Lao Động Hà Nội,7
Amulet Books,7
Disney Hyperion,7
Tạp chí Kinh tế Sài Gòn,7
Mcbooks,7
Atlantic Books,7
Orion Publishing,7
Crown,7
Bluebird,7
Virgin Books,7
B.Jain Publishers,7
Rizzoli,7
Gallery Books,7
New World Library,7
Make Believe Ideas,7
Rider & Co,7
Abacus,7
Alphabooks,7
Macmillan Children's Books,7
Heinle ELT,7
Tor Books,7
Nhà Xuất Bản Kinh Tế TP.HCM,6
Anchor Books,6
Cty PHS TP.HCM- Fahasa,6
Berkley Books,6
Graphix,6
ARTBook,6
Arrow Books,6
St. Martin's Press,6
Nhà Xuất Bản Tài Chính,6
Autumn Publishing,6
Richmond,6
Nhà Xuất Bản Thời Đại,6
VIZ Media,6
Hq,6
Gollancz,6
Penguin Life,6
Cengage ELT,6
Nhà Xuất Bản Tổng Hợp,5
Fashionary,5
Alma Books,5
Head of Zeus,5
Harper Thorsons,5
Transworld Publishers,5
Black Swan,5
Basic Books,5
Knopf,5
Summersdale,5
Bonnier Books,5
Barnes & Noble,5
Cty Văn Hóa Văn Lang,5
Bantam Books,5
Clarion Books,5
Center Street,5
"Little, Brown Books",5
Avon Books,5
Vintage Classics,5
Ladybird,5
Nhà Xuất Bản Quân Đội Nhân Dân,5
"Little, Brown Spark",5
Orbit,5
Yen On,5
Macmillan Business,5
Ebury Edge,5
First News - Trí Việt,4
Gieobooks,4
Viking,4
Công ty TNHH Thương mại và Dịch vụ Văn hóa Hà Nội,4
Bounty,4
Insight Editions,4
Sphere,4
Teach Yourself Books,4
Periplus Editions,4
Arcturus,4
Harper Voyager,4
Edpub,4
Hodder Children's Books,4
Yellow Kite,4
Sodis,4
Walker Books,4
Back Bay Books,4
Godsfield,4
Abrams Books,4
Disney Press,4
Beacon Press,4
Penguin Putnam Inc,4
Quarry Books,4
Shogakukan,4
Everyman's Library,4
Cornerstone,4
Sassi,4
RP Minis,4
Simon Element,4
Harper Paperbacks,4
Forever,4
The MIT Press,4
Harriman House,4
Parragon Book Service Ltd,3
Mm Publications,3
TarcherPerigee,3
Harper Design,3
Quadrille Publishing Ltd,3
Kim loại,3
Đinh Tị,3
Guinness World Records Limited,3
Harry N. Abrams,3
Flying Eye Books,3
Doubleday,3
Helbling Languages,3
Riverhead Books,3
Avery,3
Berrett-Koehler Publishers,3
Random House Business,3
Papercutz,3
Nhà Xuất Bản Bách Khoa Hà Nội,3
Nhà Xuất Bản Công An Nhân Dân,3
Design Media Publishing,3
Li-Zenn Publishing,3
St. Martin's Essentials,3
Twelve,3
Michael Joseph,3
Victionary,3
Margaret K. McElderry Books,3
Post Hill Press,3
Aria,3
Delacorte Romance,3
Hazelden Publishing,3
Green Tree,3
Dutton,3
ForbesBooks,3
Kaplan Publishing,3
Kinh Tế Thành Phố Hồ Chí Minh,3
Smith Street Books,3
Nicholas Brealey,3
Square Enix,3
Ballantine Books,3
Kaplan Test Prep,3
Penguin Workshop,3
Heligo Books,3
Sourcebooks Wonderland,2
Square Fish,2
Houghton Mifflin Harcourt,2
John Murray Learning,2
Templar Publishing,2
Hodder,2
Hardie Grant Books,2
Thunder Bay Press,2
Carlton Books Ltd,2
Kyle Books,2
Canterbury Classics,2
Cambridge English,2
Larousse,2
Archiworld Company Ltd,2
Rockport Publishers,2
G P Putnam's Sons,2
Tiger Tales,2
Helen Goh,2
Little Tiger Press,2
Prestel Publishing,2
Công Ty TNHH TM - DV Chính Thông,2
Clarkson Potter,2
British Library Publishing,2
Health Communications,2
Wildfire,2
Harmony,2
Voyager,2
Orion Children's Books,2
ORO Editions,2
Editions Flammarion,2
Addison Wesley Longman,2
Access Consciousness Publishing Company,2
Hoa Học Trò,2
Walter Foster Publishing,2
Omega Plus,2
Perseus Book group,2
Running Press,2
Nhà Xuất Bản Hải Phòng,2
Images Publishing,2
Running Press Adult,2
"Little, Brown Young Readers",2
St. Martin's Griffin,2
Henry Holt & Company,2
Ecco Press,2
Harper Perennial Modern Classics,2
Igloo Books,2
Compass Publishing,2
Ichijinsha,2
Công Ty Cổ Phần Tri thức Văn Hóa Sách Việt Nam,2
Hanover Square Press,2
HarperTeen,2
Harper Collins Publ. UK,2
Ilex,2
Tạp chí Thế giới Di sản,2
Bis Publishers,2
Nhà Xuất Bản Cục Báo Chí,2
Custom House,2
Viking Books for Young Readers,2
Didier,2
Pegasus Books,2
Nhà Xuất Bản Thuận Hóa,2
Harvill Secker,2
Thomas Nelson,2
TMA Press,2
Hodder Paperbacks,2
Amistad,2
The Borough Press,2
Delacorte Press,2
Greenwillow Books,2
Sterling Ethos,2
Balance,2
S&S/Saga Press,2
John Murray Business,2
Page Street,2
Đại Học Thái Nguyên,2
Langenscheidt GmbH,2
Bloomsbury Children's Books,2
Dey Street Books,2
Penguin Young Readers,2
Crown Currency,2
Mind To Mind,2
Wayland,2
Forefront Books,2
Penguin Business,2
Avid Reader Press,2
"Little, Brown Books for Young Readers",2
HarperVia,2
Washington Square Press,2
Embla Books,2
Hot Key Books,2
Modern Library,2
Đại Học Quốc Gia Thành Phố Hồ Chí Minh,2
Đại Trường Phát,1
Robin Corey Books,1
Rick Riordan Presents,1
The Economist,1
The University of Chicago Press,1
Hodder Education,1
Cedar Books,1
John Murray General Publishing Division,1
Phanbook,1
Lonely Planet,1
Nhà Xuất Bản Mũi Cà Mau,1
Ullmann Publishing,1
Cornelsen Verlag GmbH & Co,1
Nhà Sách Hồng Ân,1
Andre Deutsch,1
Coronet Books,1
Shambhala Publications Inc,1
Thủy tinh,1
Pacific Northwest-based publishing,1
Thái Hà,1
Tinh Hoa,1
1980 Books,1
"J.P.Tarcher,U.S./Perigee Bks.,U.S.",1
Feiwel & Friends,1
Baker Publishing Group,1
Pepin Press,1
Visionary World Ltd.,1
Frances Lincoln Ltd,1
Grantham Book Services,1
Nhà Xuất Bản Vụ Sau Đại Học- Bộ Đại Học,1
Flatiron Books,1
Kogan Page,1
Tokuma Shoten,1
Mitchell Beazley,1
Littlehampton Book,1
THBooks,1
Nhân Trí Việt,1
Việt Thư,1
Cty TNHH Văn hóa Minh Lâm,1
Bloomsburry Publishing,1
Tất cả các mùa,1
Aladdin,1
Kumon,1
Profile Books Ltd,1
Economist Books,1
Liveright Publishing Corporation,1
Trapeze,1
Parkstone Press,1
PIE Books,1
"The Museum of Modern Art, New York",1
Arnoldsche Verlagsanstalt Gmbh,1
Sterling,1
Rock Point,1
Hatchette USA,1
Sceptre,1
Really Decent Books,1
Andersen Press Ltd,1
World of Eric Carle,1
Sasquatch Books,1
Nhà Xuất Bản Khoa học và Kỹ thuật,1
Tri Thức Trẻ,1
Broadside Books,1
Thomas Dunne Book for St. Martin's Griffin,1
HarperFestival,1
Studio Press,1
Alligator Books,1
Shambhala,1
St. Martin's Publishing Group,1
Entrepreneur Press,1
The Penguin Press,1
Booklife,1
Hardie Grant Reprint edition,1
Other Press,1
A & C Black Publishers,1
Loft Publications,1
Batsford,1
HaNoi Books,1
Tạp chí Vietnam Traveller,1
Gibbs Smith,1
Simon Spotlight,1
Mango Media,1
Corsair,1
Rodale Press Inc.,1
Plume,1
Ace Books,1
Skyhorse Publishing,1
4th Estate,1
Franklin Watts,1
"Vertical, Inc.",1
Firefly Books,1
Canongate Books,1
Pen & Sword Military,1
TT Giới Thiệu Sách TP. HCM,1
Nhà Xuất Bản Xây Dựng,1
Nhà sách Minh Thắng,1
DT Books,1
Công ty TNHH Sách Á Châu,1
Accord Publishing,1
Bodley Head Ltd,1
Globe,1
Corgi Books,1
Fair Winds Press,1
Marvel Comics,1
Akita Shoten,1
Del Rey,1
Free Press,1
Nhà Xuất Bản Văn Hoá Sài Gòn,1
lannoo,1
Design Studio Press,1
Cdimex,1
Fsg Adult,1
Balzer + Bray,1
Nhà Xuất Bản Tổng Hợp Đồng Nai,1
I Love Cookbooks,1
Huy Hoàng Bookstore,1
Nhà Xuất Bản Văn Hoá Dân Tộc,1
Penguin UK,1
Campbell Books,1
Grosset & Dunlap,1
"Sourcebooks, Inc",1
Chronicle Books,1
Princeton Architectural Press,1
Sounds True Inc,1
Sassi Junior,1
Dean & Son,1
Quân Đội Nhân Nân,1
Metropolitan Books,1
Lagom,1
Hutchinson Heinemann,1
Graywolf,1
Bantam Classics,1
Weidenfeld & Nicolson,1
Familius,1
James Bennett Pty Ltd,1
Fern Press.,1
BBC Books,1
Tuttle Shokai Inc,1
Authors Equity,1
Allen Lane,1
Donna McGeorge,1
O'Reilly Media,1
Saga Press,1
Quill Tree Books,1
Vintage/Ebury,1
Orange Hippo!,1
Victory Belt,1
Park Street Press,1
Griffin,1
BenBella Books,1
Seven Dials,1
Bloombury,1
Marvel - US,1
Heinemann Educational Books,1
Pop Press,1
The Collective Book Studio,1
Braun,1
Robinson,1
Mobius,1
Đại Học Kinh Tế Quốc Dân,1
Đại Học Quốc Gia,1
Sư Phạm TPHCM,1
Culturimex,1
Harper Wave,1
Editions du Rouergue,1
ＫＡＤＯＫＡＷＡ Ｇａｍｅ Ｌｉｎｋａｇｅ,1
Shonen Gahosha,1
Hueber Verlag Gmbh & Co. KG,1
Klett Sprachen,1
Langenscheidt bei PONS,1
Philippe Auzou,1
Actes Sud,1
37 Ink,1
Monoray,1
Windmill Books,1
The Bridge Street Press,1
Kids Can Press,1
BIS s B.V.,1
Seikaisha,1
R.I.C. Publications,1
What on Earth Books,1
Golden Books,1
Beach Lane Books,1
Macmillan Education Elt,1
MacMillan Education Australia,1
Longman,1
Eli Srl,1
Shinshokan,1
Sbクリエイティブ,1
Andrew Brodie Publications,1
Union Square Kids,1
Pan; Main Market edition,1
Bluebird; Main Market edition,1
Callisto,1
Welbeck Balance,1
Da Capo Lifelong,1
John Wiley & Sons Inc,1
Penguin Young Readers Licenses,1
Ravensburger,1
PI Kids,1
Yoyo Books,1
Orchard Books,1
Algonquin Young Readers,1
Sphere; 01 edition,1
Silver Dolphin Books,1
Stripes Publishing,1
Little Simon,1
Ten Speed,1
"Jeremy P. Tarcher, Inc.",1
Worth,1
Morgan James,1
Da Capo Press Inc,1
FT Publishing International,1
Convergent Books,1
Prentice Hall Press,1
Successbooks,1
Crown Business,1
Harvest,1
Thorsons,1
Torva,1
Stephanie S. Covington PhD LCSW,1
FaithWords,1
Amy C. Edmondson,1
Harvard Business School Publishing,1
Pocket Classics 2005-04-26,1
Speak,1
Jonathan Cape,1
Ember,1
Dell,1
Grove Press,1
Hamish Hamilton Ltd,1
Zaffre,1
Penguin Random House USA,1
Manilla Press,1
Scribe,1
G.P. Putnam's Sons,1
Dial Books,1
Webtoon Unscrolled,1
Mira Books,1
Tundra Books,1
Tor Teen,1
MacLehose Press,1
Penguin Teen Canada,1
Tor Fantasy,1
Union Square & Co,1
Simon & Schuster Books for Young Readers,1
Optimism Press,1
Khoa Học-Công Nghệ-Truyền Thông,1
Nhà Xuất Bản Từ Điển Bách Khoa,1
NXB Tôn Giáo,1
Hồng Bàng,1
Kinh Tế Quốc Dân,1
